,step,n_samples,jitter,eps,min_pts,DBSCAN
0,0,1000,0.15,0.8,56,0.0
1,1,1000,0.15,0.8,56,0.0
2,2,1000,0.15,0.8,56,0.0
3,3,1000,0.15,0.8,56,0.0
4,4,1000,0.15,0.8,56,0.0
5,5,1000,0.15,0.8,56,0.0
6,6,1000,0.15,0.8,56,0.0
7,7,1000,0.15,0.8,56,0.0
8,8,1000,0.15,0.8,56,0.0
9,9,1000,0.15,0.8,56,0.0
10,0,1000,0.15,0.6000000000000001,61,7.672985006701068e-15
11,1,1000,0.15,0.6000000000000001,61,-0.0013392348928535655
12,2,1000,0.15,0.6000000000000001,61,0.006051464946915319
13,3,1000,0.15,0.6000000000000001,61,-0.0019639383428045358
14,4,1000,0.15,0.6000000000000001,61,0.001967874090988233
15,5,1000,0.15,0.6000000000000001,61,-0.00023081117047264892
16,6,1000,0.15,0.6000000000000001,61,7.672985006701068e-15
17,7,1000,0.15,0.6000000000000001,61,-0.0013392348928535655
18,8,1000,0.15,0.6000000000000001,61,-0.00132521548872384
19,9,1000,0.15,0.6000000000000001,61,0.0
20,0,1000,0.15,0.7000000000000001,43,0.0
21,1,1000,0.15,0.7000000000000001,43,7.672985006701068e-15
22,2,1000,0.15,0.7000000000000001,43,0.0
23,3,1000,0.15,0.7000000000000001,43,0.0
24,4,1000,0.15,0.7000000000000001,43,0.0
25,5,1000,0.15,0.7000000000000001,43,0.0
26,6,1000,0.15,0.7000000000000001,43,0.0
27,7,1000,0.15,0.7000000000000001,43,0.0
28,8,1000,0.15,0.7000000000000001,43,0.0
29,9,1000,0.15,0.7000000000000001,43,0.0
30,0,1000,0.15,0.9,45,0.0
31,1,1000,0.15,0.9,45,0.0
32,2,1000,0.15,0.9,45,0.0
33,3,1000,0.15,0.9,45,0.0
34,4,1000,0.15,0.9,45,0.0
35,5,1000,0.15,0.9,45,0.0
36,6,1000,0.15,0.9,45,0.0
37,7,1000,0.15,0.9,45,0.0
38,8,1000,0.15,0.9,45,0.0
39,9,1000,0.15,0.9,45,0.0
40,0,1000,0.15,0.4,97,0.0
41,1,1000,0.15,0.4,97,0.0
42,2,1000,0.15,0.4,97,0.0
43,3,1000,0.15,0.4,97,0.0
44,4,1000,0.15,0.4,97,0.0
45,5,1000,0.15,0.4,97,0.0
46,6,1000,0.15,0.4,97,0.0
47,7,1000,0.15,0.4,97,0.0
48,8,1000,0.15,0.4,97,0.0
49,9,1000,0.15,0.4,97,0.0
50,0,1000,0.15,0.6000000000000001,80,-0.0008737255753407442
51,1,1000,0.15,0.6000000000000001,80,-0.0013010005705662543
52,2,1000,0.15,0.6000000000000001,80,-0.0013362011926862476
53,3,1000,0.15,0.6000000000000001,80,-0.0013010005705662543
54,4,1000,0.15,0.6000000000000001,80,-0.00132521548872384
55,5,1000,0.15,0.6000000000000001,80,0.002552674193844728
56,6,1000,0.15,0.6000000000000001,80,0.006391205806830649
57,7,1000,0.15,0.6000000000000001,80,0.0013909131209055656
58,8,1000,0.15,0.6000000000000001,80,0.00347445807371768
59,9,1000,0.15,0.6000000000000001,80,0.0017672193549157166
60,0,1000,0.15,1.0,58,0.0
61,1,1000,0.15,1.0,58,0.0
62,2,1000,0.15,1.0,58,0.0
63,3,1000,0.15,1.0,58,0.0
64,4,1000,0.15,1.0,58,0.0
65,5,1000,0.15,1.0,58,0.0
66,6,1000,0.15,1.0,58,0.0
67,7,1000,0.15,1.0,58,0.0
68,8,1000,0.15,1.0,58,0.0
69,9,1000,0.15,1.0,58,0.0
70,0,1000,0.15,0.1,9,0.18629159390933542
71,1,1000,0.15,0.1,9,0.16786943238675084
72,2,1000,0.15,0.1,9,0.1797567689516427
73,3,1000,0.15,0.1,9,0.1837228579103154
74,4,1000,0.15,0.1,9,0.19074850573235655
75,5,1000,0.15,0.1,9,0.16222602435542932
76,6,1000,0.15,0.1,9,0.17113725569156948
77,7,1000,0.15,0.1,9,0.17065824095383605
78,8,1000,0.15,0.1,9,0.17063014250099015
79,9,1000,0.15,0.1,9,0.16471297236264695
80,0,1000,0.15,0.9,4,0.0
81,1,1000,0.15,0.9,4,0.0
82,2,1000,0.15,0.9,4,0.0
83,3,1000,0.15,0.9,4,0.0
84,4,1000,0.15,0.9,4,0.0
85,5,1000,0.15,0.9,4,0.0
86,6,1000,0.15,0.9,4,0.0
87,7,1000,0.15,0.9,4,0.0
88,8,1000,0.15,0.9,4,0.0
89,9,1000,0.15,0.9,4,0.0
90,0,1000,0.15,0.9,79,0.0
91,1,1000,0.15,0.9,79,0.0
92,2,1000,0.15,0.9,79,0.0
93,3,1000,0.15,0.9,79,0.0
94,4,1000,0.15,0.9,79,0.0
95,5,1000,0.15,0.9,79,0.0
96,6,1000,0.15,0.9,79,0.0
97,7,1000,0.15,0.9,79,0.0
98,8,1000,0.15,0.9,79,0.0
99,9,1000,0.15,0.9,79,0.0
100,0,1000,0.15,0.1,3,0.3604179606879626
101,1,1000,0.15,0.1,3,0.35077893112003256
102,2,1000,0.15,0.1,3,0.3935352530893174
103,3,1000,0.15,0.1,3,0.36932131152600595
104,4,1000,0.15,0.1,3,0.4010468089334215
105,5,1000,0.15,0.1,3,0.3340770367391176
106,6,1000,0.15,0.1,3,0.371756185502632
107,7,1000,0.15,0.1,3,0.37792841898618873
108,8,1000,0.15,0.1,3,0.3750914494980338
109,9,1000,0.15,0.1,3,0.3997775001433712
110,0,1000,0.15,0.1,7,0.2360628574983441
111,1,1000,0.15,0.1,7,0.21443528650004945
112,2,1000,0.15,0.1,7,0.22763379410839768
113,3,1000,0.15,0.1,7,0.2287705899749023
114,4,1000,0.15,0.1,7,0.2444963014696205
115,5,1000,0.15,0.1,7,0.2063769218831367
116,6,1000,0.15,0.1,7,0.2438537303973838
117,7,1000,0.15,0.1,7,0.22635348260708477
118,8,1000,0.15,0.1,7,0.2246339323260803
119,9,1000,0.15,0.1,7,0.2134843768572966
120,0,1000,0.15,0.1,22,0.0
121,1,1000,0.15,0.1,22,0.0
122,2,1000,0.15,0.1,22,0.0
123,3,1000,0.15,0.1,22,0.0
124,4,1000,0.15,0.1,22,0.0
125,5,1000,0.15,0.1,22,0.0
126,6,1000,0.15,0.1,22,0.0
127,7,1000,0.15,0.1,22,0.0
128,8,1000,0.15,0.1,22,0.0
129,9,1000,0.15,0.1,22,0.0
130,0,1000,0.15,0.30000000000000004,23,0.822132116626851
131,1,1000,0.15,0.30000000000000004,23,0.8422422457352936
132,2,1000,0.15,0.30000000000000004,23,0.8627358242844702
133,3,1000,0.15,0.30000000000000004,23,0.837632186599971
134,4,1000,0.15,0.30000000000000004,23,0.8501653093202245
135,5,1000,0.15,0.30000000000000004,23,0.0010603452854108938
136,6,1000,0.15,0.30000000000000004,23,0.8702076821502851
137,7,1000,0.15,0.30000000000000004,23,0.8761110287340286
138,8,1000,0.15,0.30000000000000004,23,0.8277225530493423
139,9,1000,0.15,0.30000000000000004,23,0.8637341288128062
140,0,1000,0.15,0.30000000000000004,26,0.8103638035831674
141,1,1000,0.15,0.30000000000000004,26,0.8309994087628123
142,2,1000,0.15,0.30000000000000004,26,0.8538426663520672
143,3,1000,0.15,0.30000000000000004,26,0.8325495464090973
144,4,1000,0.15,0.30000000000000004,26,0.8252509018929455
145,5,1000,0.15,0.30000000000000004,26,0.7755890993254315
146,6,1000,0.15,0.30000000000000004,26,0.8526067027695073
147,7,1000,0.15,0.30000000000000004,26,0.8250855208944596
148,8,1000,0.15,0.30000000000000004,26,0.7745277423617425
149,9,1000,0.15,0.30000000000000004,26,0.8431282156896446
150,0,1000,0.15,0.30000000000000004,27,0.7963151023121307
151,1,1000,0.15,0.30000000000000004,27,0.8171669144488405
152,2,1000,0.15,0.30000000000000004,27,0.8443573924462655
153,3,1000,0.15,0.30000000000000004,27,0.8275838600617239
154,4,1000,0.15,0.30000000000000004,27,0.8259081530490466
155,5,1000,0.15,0.30000000000000004,27,0.7690401605446521
156,6,1000,0.15,0.30000000000000004,27,0.849997749730996
157,7,1000,0.15,0.30000000000000004,27,0.8294680260187047
158,8,1000,0.15,0.30000000000000004,27,0.7745277423617425
159,9,1000,0.15,0.30000000000000004,27,0.8292888942289085
160,0,1000,0.15,0.30000000000000004,31,0.7529905644899721
161,1,1000,0.15,0.30000000000000004,31,0.7521418164428163
162,2,1000,0.15,0.30000000000000004,31,0.7588883710997418
163,3,1000,0.15,0.30000000000000004,31,0.8050216851489305
164,4,1000,0.15,0.30000000000000004,31,0.8123306989847211
165,5,1000,0.15,0.30000000000000004,31,0.7396505910353163
166,6,1000,0.15,0.30000000000000004,31,0.8146798999345615
167,7,1000,0.15,0.30000000000000004,31,0.8027610736827315
168,8,1000,0.15,0.30000000000000004,31,0.7364842117319805
169,9,1000,0.15,0.30000000000000004,31,0.8000492602592316
170,0,1000,0.15,0.4,31,-0.0013010005705662543
171,1,1000,0.15,0.4,31,-0.00132521548872384
172,2,1000,0.15,0.4,31,-0.0013010005705662543
173,3,1000,0.15,0.4,31,0.0010717661423700938
174,4,1000,0.15,0.4,31,-0.00132521548872384
175,5,1000,0.15,0.4,31,-0.00132521548872384
176,6,1000,0.15,0.4,31,-0.0006043380522997003
177,7,1000,0.15,0.4,31,-0.0016939024146372067
178,8,1000,0.15,0.4,31,-0.0007748282749722725
179,9,1000,0.15,0.4,31,-0.0016939024146372067
180,0,1000,0.15,0.30000000000000004,18,-0.0012774079551192568
181,1,1000,0.15,0.30000000000000004,18,-0.001287374676684642
182,2,1000,0.15,0.30000000000000004,18,-0.001464422149993974
183,3,1000,0.15,0.30000000000000004,18,0.8697609709982006
184,4,1000,0.15,0.30000000000000004,18,0.853100861739956
185,5,1000,0.15,0.30000000000000004,18,-0.001268146220545197
186,6,1000,0.15,0.30000000000000004,18,0.002158644341580173
187,7,1000,0.15,0.30000000000000004,18,-9.648603609698985e-06
188,8,1000,0.15,0.30000000000000004,18,0.003129499192299339
189,9,1000,0.15,0.30000000000000004,18,-0.0008737255753407442
190,0,1000,0.15,0.4,36,-0.0007748282749722725
191,1,1000,0.15,0.4,36,-0.0015424734258113015
192,2,1000,0.15,0.4,36,0.8316692751273044
193,3,1000,0.15,0.4,36,-0.0006043380522997003
194,4,1000,0.15,0.4,36,0.8359714623470017
195,5,1000,0.15,0.4,36,0.0017672193549157166
196,6,1000,0.15,0.4,36,0.003916727758936845
197,7,1000,0.15,0.4,36,-0.0016939024146372067
198,8,1000,0.15,0.4,36,-0.0001502700390549709
199,9,1000,0.15,0.4,36,-0.001464422149993974
200,0,1000,0.15,0.2,13,0.7431069549038428
201,1,1000,0.15,0.2,13,0.6252253841161662
202,2,1000,0.15,0.2,13,0.7362010796449121
203,3,1000,0.15,0.2,13,0.7389170807409109
204,4,1000,0.15,0.2,13,0.7886253771400621
205,5,1000,0.15,0.2,13,0.7573579162737237
206,6,1000,0.15,0.2,13,0.7601046627254242
207,7,1000,0.15,0.2,13,0.7549196341097926
208,8,1000,0.15,0.2,13,0.6985617634801243
209,9,1000,0.15,0.2,13,0.7489581345416948
210,0,1000,0.15,0.30000000000000004,28,0.7857337655972908
211,1,1000,0.15,0.30000000000000004,28,0.8032059797198138
212,2,1000,0.15,0.30000000000000004,28,0.8291128836799276
213,3,1000,0.15,0.30000000000000004,28,0.8244153472463572
214,4,1000,0.15,0.30000000000000004,28,0.8170161091085743
215,5,1000,0.15,0.30000000000000004,28,0.7739822049099448
216,6,1000,0.15,0.30000000000000004,28,0.830751554129678
217,7,1000,0.15,0.30000000000000004,28,0.8341776529101093
218,8,1000,0.15,0.30000000000000004,28,0.7830539153351951
219,9,1000,0.15,0.30000000000000004,28,0.8272922787815403
220,0,1000,0.15,0.5,27,0.0
221,1,1000,0.15,0.5,27,-0.0019639383428045358
222,2,1000,0.15,0.5,27,0.0
223,3,1000,0.15,0.5,27,7.672985006701068e-15
224,4,1000,0.15,0.5,27,7.672985006701068e-15
225,5,1000,0.15,0.5,27,0.0
226,6,1000,0.15,0.5,27,7.672985006701068e-15
227,7,1000,0.15,0.5,27,0.0
228,8,1000,0.15,0.5,27,7.672985006701068e-15
229,9,1000,0.15,0.5,27,0.0
230,0,1000,0.15,0.2,40,0.0
231,1,1000,0.15,0.2,40,0.0
232,2,1000,0.15,0.2,40,0.0
233,3,1000,0.15,0.2,40,0.0
234,4,1000,0.15,0.2,40,0.0
235,5,1000,0.15,0.2,40,0.0
236,6,1000,0.15,0.2,40,0.0
237,7,1000,0.15,0.2,40,0.0
238,8,1000,0.15,0.2,40,0.0
239,9,1000,0.15,0.2,40,0.0
240,0,1000,0.15,0.2,49,0.0
241,1,1000,0.15,0.2,49,0.0
242,2,1000,0.15,0.2,49,0.0
243,3,1000,0.15,0.2,49,0.0
244,4,1000,0.15,0.2,49,0.0
245,5,1000,0.15,0.2,49,0.0
246,6,1000,0.15,0.2,49,0.0
247,7,1000,0.15,0.2,49,0.0
248,8,1000,0.15,0.2,49,0.0
249,9,1000,0.15,0.2,49,0.0
250,0,1000,0.15,0.5,17,0.0
251,1,1000,0.15,0.5,17,-0.0019639383428045358
252,2,1000,0.15,0.5,17,0.0
253,3,1000,0.15,0.5,17,7.672985006701068e-15
254,4,1000,0.15,0.5,17,7.672985006701068e-15
255,5,1000,0.15,0.5,17,0.0
256,6,1000,0.15,0.5,17,0.0
257,7,1000,0.15,0.5,17,0.0
258,8,1000,0.15,0.5,17,0.0
259,9,1000,0.15,0.5,17,0.0
260,0,1000,0.15,0.30000000000000004,34,0.716509186794595
261,1,1000,0.15,0.30000000000000004,34,0.6675890705633287
262,2,1000,0.15,0.30000000000000004,34,0.6415065721015928
263,3,1000,0.15,0.30000000000000004,34,0.6608930586207323
264,4,1000,0.15,0.30000000000000004,34,0.7756921563612199
265,5,1000,0.15,0.30000000000000004,34,0.6572656280677953
266,6,1000,0.15,0.30000000000000004,34,0.8030526984627667
267,7,1000,0.15,0.30000000000000004,34,0.7794023950148521
268,8,1000,0.15,0.30000000000000004,34,0.6760708624007108
269,9,1000,0.15,0.30000000000000004,34,0.7550285618289138
270,0,1000,0.15,0.4,25,0.004033840038731303
271,1,1000,0.15,0.4,25,-0.0013392348928535655
272,2,1000,0.15,0.4,25,-0.0013392348928535655
273,3,1000,0.15,0.4,25,0.0010717661423700938
274,4,1000,0.15,0.4,25,-0.00023081117047264892
275,5,1000,0.15,0.4,25,-0.0016939024146372067
276,6,1000,0.15,0.4,25,0.0010717661423700938
277,7,1000,0.15,0.4,25,-0.0016939024146372067
278,8,1000,0.15,0.4,25,-0.0006043380522997003
279,9,1000,0.15,0.4,25,0.0
280,0,1000,0.15,0.2,15,0.6943736616056785
281,1,1000,0.15,0.2,15,0.5727551915908029
282,2,1000,0.15,0.2,15,0.6003333688372556
283,3,1000,0.15,0.2,15,0.6349161468777559
284,4,1000,0.15,0.2,15,0.7708521869048406
285,5,1000,0.15,0.2,15,0.6971189014921804
286,6,1000,0.15,0.2,15,0.6411174040938071
287,7,1000,0.15,0.2,15,0.727888962458914
288,8,1000,0.15,0.2,15,0.6730760498605223
289,9,1000,0.15,0.2,15,0.7097089423334791
290,0,1000,0.15,0.5,65,0.7560973101387782
291,1,1000,0.15,0.5,65,-0.0013581850364474738
292,2,1000,0.15,0.5,65,0.003336726156876473
293,3,1000,0.15,0.5,65,0.7873950148858904
294,4,1000,0.15,0.5,65,0.7962793213997128
295,5,1000,0.15,0.5,65,0.005072978638545186
296,6,1000,0.15,0.5,65,0.0016897514583758698
297,7,1000,0.15,0.5,65,0.005067808215093307
298,8,1000,0.15,0.5,65,0.688872243853512
299,9,1000,0.15,0.5,65,-0.0006306767652548881
300,0,1000,0.15,0.30000000000000004,49,0.33017907176959777
301,1,1000,0.15,0.30000000000000004,49,0.26623701597125393
302,2,1000,0.15,0.30000000000000004,49,0.33640018092610385
303,3,1000,0.15,0.30000000000000004,49,0.28402649757800313
304,4,1000,0.15,0.30000000000000004,49,0.3323957282048495
305,5,1000,0.15,0.30000000000000004,49,0.24560815377807443
306,6,1000,0.15,0.30000000000000004,49,0.2982119336208659
307,7,1000,0.15,0.30000000000000004,49,0.3028754441165631
308,8,1000,0.15,0.30000000000000004,49,0.27502690509106387
309,9,1000,0.15,0.30000000000000004,49,0.28803836153330836
310,0,1000,0.15,0.30000000000000004,30,0.7689492399364635
311,1,1000,0.15,0.30000000000000004,30,0.7555695269538453
312,2,1000,0.15,0.30000000000000004,30,0.7822004000018721
313,3,1000,0.15,0.30000000000000004,30,0.8118650842581551
314,4,1000,0.15,0.30000000000000004,30,0.8187783536953254
315,5,1000,0.15,0.30000000000000004,30,0.7630698946221357
316,6,1000,0.15,0.30000000000000004,30,0.8188401484488146
317,7,1000,0.15,0.30000000000000004,30,0.8122993677616945
318,8,1000,0.15,0.30000000000000004,30,0.7459674551506372
319,9,1000,0.15,0.30000000000000004,30,0.8039859535080616
320,0,1000,0.15,0.2,38,0.0
321,1,1000,0.15,0.2,38,0.0
322,2,1000,0.15,0.2,38,0.0
323,3,1000,0.15,0.2,38,0.0
324,4,1000,0.15,0.2,38,0.0
325,5,1000,0.15,0.2,38,0.0
326,6,1000,0.15,0.2,38,0.0
327,7,1000,0.15,0.2,38,0.0
328,8,1000,0.15,0.2,38,0.0
329,9,1000,0.15,0.2,38,0.0
330,0,1000,0.15,0.4,30,-0.0013010005705662543
331,1,1000,0.15,0.4,30,-0.00132521548872384
332,2,1000,0.15,0.4,30,-0.0015424734258113015
333,3,1000,0.15,0.4,30,0.0010717661423700938
334,4,1000,0.15,0.4,30,-0.00132521548872384
335,5,1000,0.15,0.4,30,-0.00132521548872384
336,6,1000,0.15,0.4,30,-0.0006043380522997003
337,7,1000,0.15,0.4,30,-0.0016939024146372067
338,8,1000,0.15,0.4,30,-0.0007748282749722725
339,9,1000,0.15,0.4,30,-0.0016939024146372067
340,0,1000,0.15,0.7000000000000001,43,0.0
341,1,1000,0.15,0.7000000000000001,43,7.672985006701068e-15
342,2,1000,0.15,0.7000000000000001,43,0.0
343,3,1000,0.15,0.7000000000000001,43,0.0
344,4,1000,0.15,0.7000000000000001,43,0.0
345,5,1000,0.15,0.7000000000000001,43,0.0
346,6,1000,0.15,0.7000000000000001,43,0.0
347,7,1000,0.15,0.7000000000000001,43,0.0
348,8,1000,0.15,0.7000000000000001,43,0.0
349,9,1000,0.15,0.7000000000000001,43,0.0
350,0,1000,0.15,0.30000000000000004,21,0.828155409975131
351,1,1000,0.15,0.30000000000000004,21,0.8572854026043427
352,2,1000,0.15,0.30000000000000004,21,0.8458742135699893
353,3,1000,0.15,0.30000000000000004,21,0.8444834394083608
354,4,1000,0.15,0.30000000000000004,21,0.853100861739956
355,5,1000,0.15,0.30000000000000004,21,-0.0010071677228433544
356,6,1000,0.15,0.30000000000000004,21,0.0006242656347376651
357,7,1000,0.15,0.30000000000000004,21,0.8671316677215248
358,8,1000,0.15,0.30000000000000004,21,0.8363123877093561
359,9,1000,0.15,0.30000000000000004,21,-0.00044120723716452385
360,0,1000,0.15,0.4,12,0.0
361,1,1000,0.15,0.4,12,-0.0013392348928535655
362,2,1000,0.15,0.4,12,7.672985006701068e-15
363,3,1000,0.15,0.4,12,7.672985006701068e-15
364,4,1000,0.15,0.4,12,7.672985006701068e-15
365,5,1000,0.15,0.4,12,0.0
366,6,1000,0.15,0.4,12,0.0
367,7,1000,0.15,0.4,12,0.0
368,8,1000,0.15,0.4,12,-0.0013392348928535655
369,9,1000,0.15,0.4,12,0.0
370,0,1000,0.15,0.6000000000000001,52,0.0
371,1,1000,0.15,0.6000000000000001,52,7.672985006701068e-15
372,2,1000,0.15,0.6000000000000001,52,0.0
373,3,1000,0.15,0.6000000000000001,52,7.672985006701068e-15
374,4,1000,0.15,0.6000000000000001,52,7.672985006701068e-15
375,5,1000,0.15,0.6000000000000001,52,7.672985006701068e-15
376,6,1000,0.15,0.6000000000000001,52,0.0
377,7,1000,0.15,0.6000000000000001,52,7.672985006701068e-15
378,8,1000,0.15,0.6000000000000001,52,-0.0019639383428045358
379,9,1000,0.15,0.6000000000000001,52,0.0
380,0,1000,0.15,0.2,64,0.0
381,1,1000,0.15,0.2,64,0.0
382,2,1000,0.15,0.2,64,0.0
383,3,1000,0.15,0.2,64,0.0
384,4,1000,0.15,0.2,64,0.0
385,5,1000,0.15,0.2,64,0.0
386,6,1000,0.15,0.2,64,0.0
387,7,1000,0.15,0.2,64,0.0
388,8,1000,0.15,0.2,64,0.0
389,9,1000,0.15,0.2,64,0.0
390,0,1000,0.15,0.5,27,0.0
391,1,1000,0.15,0.5,27,-0.0019639383428045358
392,2,1000,0.15,0.5,27,0.0
393,3,1000,0.15,0.5,27,7.672985006701068e-15
394,4,1000,0.15,0.5,27,7.672985006701068e-15
395,5,1000,0.15,0.5,27,0.0
396,6,1000,0.15,0.5,27,7.672985006701068e-15
397,7,1000,0.15,0.5,27,0.0
398,8,1000,0.15,0.5,27,7.672985006701068e-15
399,9,1000,0.15,0.5,27,0.0
400,0,1000,0.15,0.30000000000000004,43,0.5147593810443294
401,1,1000,0.15,0.30000000000000004,43,0.3800675900000432
402,2,1000,0.15,0.30000000000000004,43,0.4803666593698922
403,3,1000,0.15,0.30000000000000004,43,0.41898820255163505
404,4,1000,0.15,0.30000000000000004,43,0.4819607262969227
405,5,1000,0.15,0.30000000000000004,43,0.43110162306091754
406,6,1000,0.15,0.30000000000000004,43,0.400478601829236
407,7,1000,0.15,0.30000000000000004,43,0.4878459806361408
408,8,1000,0.15,0.30000000000000004,43,0.5171271042774731
409,9,1000,0.15,0.30000000000000004,43,0.43471830452377885
410,0,1000,0.15,0.30000000000000004,33,0.7383090851688189
411,1,1000,0.15,0.30000000000000004,33,0.6890576144752163
412,2,1000,0.15,0.30000000000000004,33,0.6471157760039276
413,3,1000,0.15,0.30000000000000004,33,0.7506081840831385
414,4,1000,0.15,0.30000000000000004,33,0.767952125055968
415,5,1000,0.15,0.30000000000000004,33,0.658722287038456
416,6,1000,0.15,0.30000000000000004,33,0.8067496380963098
417,7,1000,0.15,0.30000000000000004,33,0.7828916186104544
418,8,1000,0.15,0.30000000000000004,33,0.7359488227461385
419,9,1000,0.15,0.30000000000000004,33,0.7673162402438465
420,0,1000,0.15,0.30000000000000004,29,0.7791090747274803
421,1,1000,0.15,0.30000000000000004,29,0.778565605398915
422,2,1000,0.15,0.30000000000000004,29,0.8005095391231802
423,3,1000,0.15,0.30000000000000004,29,0.8172446351249925
424,4,1000,0.15,0.30000000000000004,29,0.8208638752739225
425,5,1000,0.15,0.30000000000000004,29,0.7797136931966556
426,6,1000,0.15,0.30000000000000004,29,0.8230709728971689
427,7,1000,0.15,0.30000000000000004,29,0.8210354964768249
428,8,1000,0.15,0.30000000000000004,29,0.760742191058767
429,9,1000,0.15,0.30000000000000004,29,0.8126561573653263
430,0,1000,0.15,0.4,20,0.0
431,1,1000,0.15,0.4,20,-0.0013392348928535655
432,2,1000,0.15,0.4,20,7.672985006701068e-15
433,3,1000,0.15,0.4,20,-0.0019639383428045358
434,4,1000,0.15,0.4,20,7.672985006701068e-15
435,5,1000,0.15,0.4,20,0.001967874090988233
436,6,1000,0.15,0.4,20,0.001967874090988233
437,7,1000,0.15,0.4,20,-0.0019639383428045358
438,8,1000,0.15,0.4,20,-0.0006043380522997003
439,9,1000,0.15,0.4,20,0.0
440,0,1000,0.15,0.2,27,0.2364765225891854
441,1,1000,0.15,0.2,27,0.19145860495668804
442,2,1000,0.15,0.2,27,0.24770114275995192
443,3,1000,0.15,0.2,27,0.2614289893003489
444,4,1000,0.15,0.2,27,0.2580066285302723
445,5,1000,0.15,0.2,27,0.14644683900193584
446,6,1000,0.15,0.2,27,0.2448813983416507
447,7,1000,0.15,0.2,27,0.2007092091721269
448,8,1000,0.15,0.2,27,0.2122974303200205
449,9,1000,0.15,0.2,27,0.1977240416205933
450,0,1000,0.15,0.1,8,0.20742905011188387
451,1,1000,0.15,0.1,8,0.19114112255605153
452,2,1000,0.15,0.1,8,0.21113623018477695
453,3,1000,0.15,0.1,8,0.20789605888408938
454,4,1000,0.15,0.1,8,0.2215892919508955
455,5,1000,0.15,0.1,8,0.18849108114411567
456,6,1000,0.15,0.1,8,0.20802380012952715
457,7,1000,0.15,0.1,8,0.20086373605489985
458,8,1000,0.15,0.1,8,0.19813648638408451
459,9,1000,0.15,0.1,8,0.19197454933097252
460,0,1000,0.15,0.4,39,-0.0007748282749722725
461,1,1000,0.15,0.4,39,0.8187921584147074
462,2,1000,0.15,0.4,39,0.8448000609482103
463,3,1000,0.15,0.4,39,0.8586360659009967
464,4,1000,0.15,0.4,39,0.8262162704579296
465,5,1000,0.15,0.4,39,0.0004323514954606116
466,6,1000,0.15,0.4,39,0.843144597318212
467,7,1000,0.15,0.4,39,-0.001464422149993974
468,8,1000,0.15,0.4,39,0.8002716039409404
469,9,1000,0.15,0.4,39,0.8527557480678092
470,0,1000,0.15,0.30000000000000004,2,0.001967874090988233
471,1,1000,0.15,0.30000000000000004,2,0.004033840038731303
472,2,1000,0.15,0.30000000000000004,2,-0.00023081117047264892
473,3,1000,0.15,0.30000000000000004,2,-0.0013392348928535655
474,4,1000,0.15,0.30000000000000004,2,-0.0019639383428045358
475,5,1000,0.15,0.30000000000000004,2,-0.00132521548872384
476,6,1000,0.15,0.30000000000000004,2,-0.0013392348928535655
477,7,1000,0.15,0.30000000000000004,2,-0.0019639383428045358
478,8,1000,0.15,0.30000000000000004,2,-0.0019639383428045358
479,9,1000,0.15,0.30000000000000004,2,7.672985006701068e-15
480,0,1000,0.15,0.2,24,0.2859382346525755
481,1,1000,0.15,0.2,24,0.2528978030443353
482,2,1000,0.15,0.2,24,0.2892729727356201
483,3,1000,0.15,0.2,24,0.30128911069446707
484,4,1000,0.15,0.2,24,0.31564822506395324
485,5,1000,0.15,0.2,24,0.22895183523215726
486,6,1000,0.15,0.2,24,0.31931302692605806
487,7,1000,0.15,0.2,24,0.278316605401159
488,8,1000,0.15,0.2,24,0.27877695311549544
489,9,1000,0.15,0.2,24,0.29355905953747347
490,0,1000,0.15,0.1,100,0.0
491,1,1000,0.15,0.1,100,0.0
492,2,1000,0.15,0.1,100,0.0
493,3,1000,0.15,0.1,100,0.0
494,4,1000,0.15,0.1,100,0.0
495,5,1000,0.15,0.1,100,0.0
496,6,1000,0.15,0.1,100,0.0
497,7,1000,0.15,0.1,100,0.0
498,8,1000,0.15,0.1,100,0.0
499,9,1000,0.15,0.1,100,0.0
500,0,1000,0.15,0.30000000000000004,35,0.6920179567610915
501,1,1000,0.15,0.30000000000000004,35,0.662210739732154
502,2,1000,0.15,0.30000000000000004,35,0.6357950639499373
503,3,1000,0.15,0.30000000000000004,35,0.6481467157449027
504,4,1000,0.15,0.30000000000000004,35,0.7675756666679414
505,5,1000,0.15,0.30000000000000004,35,0.6505394612792429
506,6,1000,0.15,0.30000000000000004,35,0.7963695646116639
507,7,1000,0.15,0.30000000000000004,35,0.7723476779469537
508,8,1000,0.15,0.30000000000000004,35,0.6764449737835952
509,9,1000,0.15,0.30000000000000004,35,0.7383578019089261
510,0,1000,0.15,0.30000000000000004,30,0.7689492399364635
511,1,1000,0.15,0.30000000000000004,30,0.7555695269538453
512,2,1000,0.15,0.30000000000000004,30,0.7822004000018721
513,3,1000,0.15,0.30000000000000004,30,0.8118650842581551
514,4,1000,0.15,0.30000000000000004,30,0.8187783536953254
515,5,1000,0.15,0.30000000000000004,30,0.7630698946221357
516,6,1000,0.15,0.30000000000000004,30,0.8188401484488146
517,7,1000,0.15,0.30000000000000004,30,0.8122993677616945
518,8,1000,0.15,0.30000000000000004,30,0.7459674551506372
519,9,1000,0.15,0.30000000000000004,30,0.8039859535080616
520,0,1000,0.15,0.30000000000000004,31,0.7529905644899721
521,1,1000,0.15,0.30000000000000004,31,0.7521418164428163
522,2,1000,0.15,0.30000000000000004,31,0.7588883710997418
523,3,1000,0.15,0.30000000000000004,31,0.8050216851489305
524,4,1000,0.15,0.30000000000000004,31,0.8123306989847211
525,5,1000,0.15,0.30000000000000004,31,0.7396505910353163
526,6,1000,0.15,0.30000000000000004,31,0.8146798999345615
527,7,1000,0.15,0.30000000000000004,31,0.8027610736827315
528,8,1000,0.15,0.30000000000000004,31,0.7364842117319805
529,9,1000,0.15,0.30000000000000004,31,0.8000492602592316
530,0,1000,0.15,0.4,29,-0.0013010005705662543
531,1,1000,0.15,0.4,29,-0.00132521548872384
532,2,1000,0.15,0.4,29,-0.00132521548872384
533,3,1000,0.15,0.4,29,0.0010717661423700938
534,4,1000,0.15,0.4,29,-0.00023081117047264892
535,5,1000,0.15,0.4,29,-0.00132521548872384
536,6,1000,0.15,0.4,29,-0.0006043380522997003
537,7,1000,0.15,0.4,29,-0.0016939024146372067
538,8,1000,0.15,0.4,29,-0.0013010005705662543
539,9,1000,0.15,0.4,29,-0.0016939024146372067
540,0,1000,0.15,0.2,19,0.511132620478337
541,1,1000,0.15,0.2,19,0.360562637751142
542,2,1000,0.15,0.2,19,0.43678872501974675
543,3,1000,0.15,0.2,19,0.4646638167506948
544,4,1000,0.15,0.2,19,0.47166671359369067
545,5,1000,0.15,0.2,19,0.39098868608447235
546,6,1000,0.15,0.2,19,0.41814280549753247
547,7,1000,0.15,0.2,19,0.4985923287681671
548,8,1000,0.15,0.2,19,0.48117177401833366
549,9,1000,0.15,0.2,19,0.4712540747571108
550,0,1000,0.15,0.30000000000000004,25,0.8129674827276684
551,1,1000,0.15,0.30000000000000004,25,0.824583120109554
552,2,1000,0.15,0.30000000000000004,25,0.8476936241662623
553,3,1000,0.15,0.30000000000000004,25,0.8366103602014135
554,4,1000,0.15,0.30000000000000004,25,0.835820222660112
555,5,1000,0.15,0.30000000000000004,25,0.7877190657140115
556,6,1000,0.15,0.30000000000000004,25,0.8543416127029654
557,7,1000,0.15,0.30000000000000004,25,0.8396336598157268
558,8,1000,0.15,0.30000000000000004,25,0.7909194983826652
559,9,1000,0.15,0.30000000000000004,25,0.8461386655109513
560,0,1000,0.15,0.5,13,0.0
561,1,1000,0.15,0.5,13,7.672985006701068e-15
562,2,1000,0.15,0.5,13,0.0
563,3,1000,0.15,0.5,13,0.0
564,4,1000,0.15,0.5,13,7.672985006701068e-15
565,5,1000,0.15,0.5,13,0.0
566,6,1000,0.15,0.5,13,0.0
567,7,1000,0.15,0.5,13,0.0
568,8,1000,0.15,0.5,13,0.0
569,9,1000,0.15,0.5,13,0.0
570,0,1000,0.15,0.4,36,-0.0007748282749722725
571,1,1000,0.15,0.4,36,-0.0015424734258113015
572,2,1000,0.15,0.4,36,0.8316692751273044
573,3,1000,0.15,0.4,36,-0.0006043380522997003
574,4,1000,0.15,0.4,36,0.8359714623470017
575,5,1000,0.15,0.4,36,0.0017672193549157166
576,6,1000,0.15,0.4,36,0.003916727758936845
577,7,1000,0.15,0.4,36,-0.0016939024146372067
578,8,1000,0.15,0.4,36,-0.0001502700390549709
579,9,1000,0.15,0.4,36,-0.001464422149993974
580,0,1000,0.15,0.1,23,0.0
581,1,1000,0.15,0.1,23,0.0
582,2,1000,0.15,0.1,23,0.0
583,3,1000,0.15,0.1,23,0.0
584,4,1000,0.15,0.1,23,0.0
585,5,1000,0.15,0.1,23,0.0
586,6,1000,0.15,0.1,23,0.0
587,7,1000,0.15,0.1,23,0.0
588,8,1000,0.15,0.1,23,0.0
589,9,1000,0.15,0.1,23,0.0
590,0,1000,0.15,0.2,17,0.5384925407461859
591,1,1000,0.15,0.2,17,0.4755957447968466
592,2,1000,0.15,0.2,17,0.5365318837530579
593,3,1000,0.15,0.2,17,0.5241158457518418
594,4,1000,0.15,0.2,17,0.5388424859222678
595,5,1000,0.15,0.2,17,0.48934754853823426
596,6,1000,0.15,0.2,17,0.5508988719797614
597,7,1000,0.15,0.2,17,0.6321821101305097
598,8,1000,0.15,0.2,17,0.6068739270886385
599,9,1000,0.15,0.2,17,0.6501462658425728
600,0,1000,0.15,0.30000000000000004,45,0.45524541252720246
601,1,1000,0.15,0.30000000000000004,45,0.33481496890912366
602,2,1000,0.15,0.30000000000000004,45,0.4138951495554735
603,3,1000,0.15,0.30000000000000004,45,0.3841302814761924
604,4,1000,0.15,0.30000000000000004,45,0.40268498291872823
605,5,1000,0.15,0.30000000000000004,45,0.327334736105114
606,6,1000,0.15,0.30000000000000004,45,0.35420898393589534
607,7,1000,0.15,0.30000000000000004,45,0.3572386066381021
608,8,1000,0.15,0.30000000000000004,45,0.38126103208594103
609,9,1000,0.15,0.30000000000000004,45,0.34190123886504137
610,0,1000,0.15,0.30000000000000004,28,0.7857337655972908
611,1,1000,0.15,0.30000000000000004,28,0.8032059797198138
612,2,1000,0.15,0.30000000000000004,28,0.8291128836799276
613,3,1000,0.15,0.30000000000000004,28,0.8244153472463572
614,4,1000,0.15,0.30000000000000004,28,0.8170161091085743
615,5,1000,0.15,0.30000000000000004,28,0.7739822049099448
616,6,1000,0.15,0.30000000000000004,28,0.830751554129678
617,7,1000,0.15,0.30000000000000004,28,0.8341776529101093
618,8,1000,0.15,0.30000000000000004,28,0.7830539153351951
619,9,1000,0.15,0.30000000000000004,28,0.8272922787815403
620,0,1000,0.15,0.4,26,-0.00023081117047264892
621,1,1000,0.15,0.4,26,-0.0013392348928535655
622,2,1000,0.15,0.4,26,-0.0013392348928535655
623,3,1000,0.15,0.4,26,0.0010717661423700938
624,4,1000,0.15,0.4,26,-0.00023081117047264892
625,5,1000,0.15,0.4,26,-0.0016939024146372067
626,6,1000,0.15,0.4,26,0.0010717661423700938
627,7,1000,0.15,0.4,26,-0.0016939024146372067
628,8,1000,0.15,0.4,26,-0.0013010005705662543
629,9,1000,0.15,0.4,26,0.0
630,0,1000,0.15,0.30000000000000004,22,0.8331998325975892
631,1,1000,0.15,0.30000000000000004,22,0.8473601957923919
632,2,1000,0.15,0.30000000000000004,22,0.8569487105033998
633,3,1000,0.15,0.30000000000000004,22,0.8476033850987986
634,4,1000,0.15,0.30000000000000004,22,0.8533284788550665
635,5,1000,0.15,0.30000000000000004,22,-0.0010071677228433544
636,6,1000,0.15,0.30000000000000004,22,0.0006242656347376651
637,7,1000,0.15,0.30000000000000004,22,0.8671316677215248
638,8,1000,0.15,0.30000000000000004,22,0.8302785519405697
639,9,1000,0.15,0.30000000000000004,22,-0.0005504116732172594
640,0,1000,0.15,0.2,40,0.0
641,1,1000,0.15,0.2,40,0.0
642,2,1000,0.15,0.2,40,0.0
643,3,1000,0.15,0.2,40,0.0
644,4,1000,0.15,0.2,40,0.0
645,5,1000,0.15,0.2,40,0.0
646,6,1000,0.15,0.2,40,0.0
647,7,1000,0.15,0.2,40,0.0
648,8,1000,0.15,0.2,40,0.0
649,9,1000,0.15,0.2,40,0.0
650,0,1000,0.15,0.30000000000000004,34,0.716509186794595
651,1,1000,0.15,0.30000000000000004,34,0.6675890705633287
652,2,1000,0.15,0.30000000000000004,34,0.6415065721015928
653,3,1000,0.15,0.30000000000000004,34,0.6608930586207323
654,4,1000,0.15,0.30000000000000004,34,0.7756921563612199
655,5,1000,0.15,0.30000000000000004,34,0.6572656280677953
656,6,1000,0.15,0.30000000000000004,34,0.8030526984627667
657,7,1000,0.15,0.30000000000000004,34,0.7794023950148521
658,8,1000,0.15,0.30000000000000004,34,0.6760708624007108
659,9,1000,0.15,0.30000000000000004,34,0.7550285618289138
660,0,1000,0.15,0.30000000000000004,16,0.00032487330531500173
661,1,1000,0.15,0.30000000000000004,16,-0.0013010005705662543
662,2,1000,0.15,0.30000000000000004,16,-0.0013010005705662543
663,3,1000,0.15,0.30000000000000004,16,0.872397821231653
664,4,1000,0.15,0.30000000000000004,16,0.8576874498325249
665,5,1000,0.15,0.30000000000000004,16,-0.0008737255753407442
666,6,1000,0.15,0.30000000000000004,16,0.002158644341580173
667,7,1000,0.15,0.30000000000000004,16,-0.001268146220545197
668,8,1000,0.15,0.30000000000000004,16,0.003129499192299339
669,9,1000,0.15,0.30000000000000004,16,-0.001287374676684642
670,0,1000,0.15,0.4,27,-0.00023081117047264892
671,1,1000,0.15,0.4,27,-0.00132521548872384
672,2,1000,0.15,0.4,27,-0.00023081117047264892
673,3,1000,0.15,0.4,27,0.0010717661423700938
674,4,1000,0.15,0.4,27,-0.00023081117047264892
675,5,1000,0.15,0.4,27,-0.0016939024146372067
676,6,1000,0.15,0.4,27,0.0010717661423700938
677,7,1000,0.15,0.4,27,-0.0016939024146372067
678,8,1000,0.15,0.4,27,-0.0013010005705662543
679,9,1000,0.15,0.4,27,7.672985006701068e-15
680,0,1000,0.15,0.2,12,0.7749231489479104
681,1,1000,0.15,0.2,12,0.743428884930415
682,2,1000,0.15,0.2,12,0.761769654972291
683,3,1000,0.15,0.2,12,0.7535809276944276
684,4,1000,0.15,0.2,12,0.7908669181299979
685,5,1000,0.15,0.2,12,0.7702204764750229
686,6,1000,0.15,0.2,12,0.7831183397367861
687,7,1000,0.15,0.2,12,0.7749231489479106
688,8,1000,0.15,0.2,12,0.6941815380913041
689,9,1000,0.15,0.2,12,0.766399497806126
690,0,1000,0.15,0.4,32,-0.0013010005705662543
691,1,1000,0.15,0.4,32,-0.0015424734258113015
692,2,1000,0.15,0.4,32,-0.0013010005705662543
693,3,1000,0.15,0.4,32,-0.0006043380522997003
694,4,1000,0.15,0.4,32,-0.00132521548872384
695,5,1000,0.15,0.4,32,-0.00132521548872384
696,6,1000,0.15,0.4,32,0.006391205806830649
697,7,1000,0.15,0.4,32,-0.0016939024146372067
698,8,1000,0.15,0.4,32,-0.0012774079551192568
699,9,1000,0.15,0.4,32,-0.00132521548872384
700,0,1000,0.15,0.30000000000000004,88,0.0
701,1,1000,0.15,0.30000000000000004,88,0.0
702,2,1000,0.15,0.30000000000000004,88,0.0
703,3,1000,0.15,0.30000000000000004,88,0.0
704,4,1000,0.15,0.30000000000000004,88,0.0
705,5,1000,0.15,0.30000000000000004,88,0.0
706,6,1000,0.15,0.30000000000000004,88,0.0
707,7,1000,0.15,0.30000000000000004,88,0.0
708,8,1000,0.15,0.30000000000000004,88,0.0
709,9,1000,0.15,0.30000000000000004,88,0.0
710,0,1000,0.15,0.30000000000000004,30,0.7689492399364635
711,1,1000,0.15,0.30000000000000004,30,0.7555695269538453
712,2,1000,0.15,0.30000000000000004,30,0.7822004000018721
713,3,1000,0.15,0.30000000000000004,30,0.8118650842581551
714,4,1000,0.15,0.30000000000000004,30,0.8187783536953254
715,5,1000,0.15,0.30000000000000004,30,0.7630698946221357
716,6,1000,0.15,0.30000000000000004,30,0.8188401484488146
717,7,1000,0.15,0.30000000000000004,30,0.8122993677616945
718,8,1000,0.15,0.30000000000000004,30,0.7459674551506372
719,9,1000,0.15,0.30000000000000004,30,0.8039859535080616
720,0,1000,0.15,0.30000000000000004,23,0.822132116626851
721,1,1000,0.15,0.30000000000000004,23,0.8422422457352936
722,2,1000,0.15,0.30000000000000004,23,0.8627358242844702
723,3,1000,0.15,0.30000000000000004,23,0.837632186599971
724,4,1000,0.15,0.30000000000000004,23,0.8501653093202245
725,5,1000,0.15,0.30000000000000004,23,0.0010603452854108938
726,6,1000,0.15,0.30000000000000004,23,0.8702076821502851
727,7,1000,0.15,0.30000000000000004,23,0.8761110287340286
728,8,1000,0.15,0.30000000000000004,23,0.8277225530493423
729,9,1000,0.15,0.30000000000000004,23,0.8637341288128062
730,0,1000,0.15,0.30000000000000004,37,0.5656606542272995
731,1,1000,0.15,0.30000000000000004,37,0.5455822320837148
732,2,1000,0.15,0.30000000000000004,37,0.5804703114275849
733,3,1000,0.15,0.30000000000000004,37,0.6320099130606845
734,4,1000,0.15,0.30000000000000004,37,0.6570741591731257
735,5,1000,0.15,0.30000000000000004,37,0.6137402904032573
736,6,1000,0.15,0.30000000000000004,37,0.7576849613463074
737,7,1000,0.15,0.30000000000000004,37,0.7359995825264725
738,8,1000,0.15,0.30000000000000004,37,0.6566678094895319
739,9,1000,0.15,0.30000000000000004,37,0.7122492361141818
740,0,1000,0.15,0.2,29,0.14255082199775956
741,1,1000,0.15,0.2,29,0.14099806320769812
742,2,1000,0.15,0.2,29,0.20680550847264348
743,3,1000,0.15,0.2,29,0.17761930712511886
744,4,1000,0.15,0.2,29,0.21462225002559734
745,5,1000,0.15,0.2,29,0.12399009767284129
746,6,1000,0.15,0.2,29,0.1857432661834707
747,7,1000,0.15,0.2,29,0.12730199525231706
748,8,1000,0.15,0.2,29,0.09926390117906513
749,9,1000,0.15,0.2,29,0.05018835840963917
750,0,1000,0.15,0.4,20,0.0
751,1,1000,0.15,0.4,20,-0.0013392348928535655
752,2,1000,0.15,0.4,20,7.672985006701068e-15
753,3,1000,0.15,0.4,20,-0.0019639383428045358
754,4,1000,0.15,0.4,20,7.672985006701068e-15
755,5,1000,0.15,0.4,20,0.001967874090988233
756,6,1000,0.15,0.4,20,0.001967874090988233
757,7,1000,0.15,0.4,20,-0.0019639383428045358
758,8,1000,0.15,0.4,20,-0.0006043380522997003
759,9,1000,0.15,0.4,20,0.0
760,0,1000,0.15,0.30000000000000004,25,0.8129674827276684
761,1,1000,0.15,0.30000000000000004,25,0.824583120109554
762,2,1000,0.15,0.30000000000000004,25,0.8476936241662623
763,3,1000,0.15,0.30000000000000004,25,0.8366103602014135
764,4,1000,0.15,0.30000000000000004,25,0.835820222660112
765,5,1000,0.15,0.30000000000000004,25,0.7877190657140115
766,6,1000,0.15,0.30000000000000004,25,0.8543416127029654
767,7,1000,0.15,0.30000000000000004,25,0.8396336598157268
768,8,1000,0.15,0.30000000000000004,25,0.7909194983826652
769,9,1000,0.15,0.30000000000000004,25,0.8461386655109513
770,0,1000,0.15,1.0,5,0.0
771,1,1000,0.15,1.0,5,0.0
772,2,1000,0.15,1.0,5,0.0
773,3,1000,0.15,1.0,5,0.0
774,4,1000,0.15,1.0,5,0.0
775,5,1000,0.15,1.0,5,0.0
776,6,1000,0.15,1.0,5,0.0
777,7,1000,0.15,1.0,5,0.0
778,8,1000,0.15,1.0,5,0.0
779,9,1000,0.15,1.0,5,0.0
780,0,1000,0.15,0.2,25,0.2627581253858447
781,1,1000,0.15,0.2,25,0.23705482954996504
782,2,1000,0.15,0.2,25,0.2709063028801695
783,3,1000,0.15,0.2,25,0.28573400413027467
784,4,1000,0.15,0.2,25,0.2930365557380939
785,5,1000,0.15,0.2,25,0.19459796152181347
786,6,1000,0.15,0.2,25,0.2912965983673032
787,7,1000,0.15,0.2,25,0.24383688426327008
788,8,1000,0.15,0.2,25,0.26238521660222186
789,9,1000,0.15,0.2,25,0.2508148872789827
790,0,1000,0.15,0.30000000000000004,33,0.7383090851688189
791,1,1000,0.15,0.30000000000000004,33,0.6890576144752163
792,2,1000,0.15,0.30000000000000004,33,0.6471157760039276
793,3,1000,0.15,0.30000000000000004,33,0.7506081840831385
794,4,1000,0.15,0.30000000000000004,33,0.767952125055968
795,5,1000,0.15,0.30000000000000004,33,0.658722287038456
796,6,1000,0.15,0.30000000000000004,33,0.8067496380963098
797,7,1000,0.15,0.30000000000000004,33,0.7828916186104544
798,8,1000,0.15,0.30000000000000004,33,0.7359488227461385
799,9,1000,0.15,0.30000000000000004,33,0.7673162402438465
800,0,1000,0.15,0.4,41,0.8311585653648595
801,1,1000,0.15,0.4,41,0.8345040322797574
802,2,1000,0.15,0.4,41,0.8498894065128946
803,3,1000,0.15,0.4,41,0.8473882566974773
804,4,1000,0.15,0.4,41,0.8479568951518488
805,5,1000,0.15,0.4,41,0.7690912603135323
806,6,1000,0.15,0.4,41,0.8379186502012786
807,7,1000,0.15,0.4,41,0.829967218391732
808,8,1000,0.15,0.4,41,0.8099915531866783
809,9,1000,0.15,0.4,41,0.8426108285031828
810,0,1000,0.15,0.4,41,0.8311585653648595
811,1,1000,0.15,0.4,41,0.8345040322797574
812,2,1000,0.15,0.4,41,0.8498894065128946
813,3,1000,0.15,0.4,41,0.8473882566974773
814,4,1000,0.15,0.4,41,0.8479568951518488
815,5,1000,0.15,0.4,41,0.7690912603135323
816,6,1000,0.15,0.4,41,0.8379186502012786
817,7,1000,0.15,0.4,41,0.829967218391732
818,8,1000,0.15,0.4,41,0.8099915531866783
819,9,1000,0.15,0.4,41,0.8426108285031828
820,0,1000,0.15,0.5,49,0.004033840038731303
821,1,1000,0.15,0.5,49,-0.00023081117047264892
822,2,1000,0.15,0.5,49,0.002474438603203285
823,3,1000,0.15,0.5,49,-0.00023081117047264892
824,4,1000,0.15,0.5,49,-0.0016939024146372067
825,5,1000,0.15,0.5,49,-0.00132521548872384
826,6,1000,0.15,0.5,49,-0.0013392348928535655
827,7,1000,0.15,0.5,49,-0.0016939024146372067
828,8,1000,0.15,0.5,49,-0.0002866397459354175
829,9,1000,0.15,0.5,49,-0.0013392348928535655
830,0,1000,0.15,0.4,54,0.7586700666281534
831,1,1000,0.15,0.4,54,0.7105635299712119
832,2,1000,0.15,0.4,54,0.736398950262727
833,3,1000,0.15,0.4,54,0.8165533045242257
834,4,1000,0.15,0.4,54,0.7927518580511799
835,5,1000,0.15,0.4,54,0.6553275839096064
836,6,1000,0.15,0.4,54,0.7894384733460804
837,7,1000,0.15,0.4,54,0.7860122605641673
838,8,1000,0.15,0.4,54,0.7351780034369984
839,9,1000,0.15,0.4,54,0.7743063181010359
840,0,1000,0.15,0.4,42,0.8325336502308617
841,1,1000,0.15,0.4,42,0.8515730582172809
842,2,1000,0.15,0.4,42,0.8199704328834642
843,3,1000,0.15,0.4,42,0.8500658705408161
844,4,1000,0.15,0.4,42,0.8450389966462454
845,5,1000,0.15,0.4,42,0.7627698148500509
846,6,1000,0.15,0.4,42,0.8430661722181922
847,7,1000,0.15,0.4,42,0.8362419127528384
848,8,1000,0.15,0.4,42,0.8099915531866783
849,9,1000,0.15,0.4,42,0.8426108285031828
850,0,1000,0.15,0.5,57,-0.0008737255753407442
851,1,1000,0.15,0.5,57,-0.0013010005705662543
852,2,1000,0.15,0.5,57,0.006964580761126584
853,3,1000,0.15,0.5,57,0.0010717661423700938
854,4,1000,0.15,0.5,57,-0.0006043380522997003
855,5,1000,0.15,0.5,57,0.003784157904186423
856,6,1000,0.15,0.5,57,0.0085090976227572
857,7,1000,0.15,0.5,57,-0.0006043380522997003
858,8,1000,0.15,0.5,57,0.0006242656347376651
859,9,1000,0.15,0.5,57,0.00032487330531500173
860,0,1000,0.15,0.4,45,0.804876730164277
861,1,1000,0.15,0.4,45,0.8502339314915269
862,2,1000,0.15,0.4,45,0.8055197803044357
863,3,1000,0.15,0.4,45,0.855113027622603
864,4,1000,0.15,0.4,45,0.8387212082745904
865,5,1000,0.15,0.4,45,0.7092109649967377
866,6,1000,0.15,0.4,45,0.8315806298725514
867,7,1000,0.15,0.4,45,0.847824350524523
868,8,1000,0.15,0.4,45,0.7696792219066778
869,9,1000,0.15,0.4,45,0.8482109277266945
870,0,1000,0.15,0.5,44,0.004033840038731303
871,1,1000,0.15,0.5,44,-0.00023081117047264892
872,2,1000,0.15,0.5,44,-0.00023081117047264892
873,3,1000,0.15,0.5,44,-0.0013392348928535655
874,4,1000,0.15,0.5,44,-0.0013392348928535655
875,5,1000,0.15,0.5,44,-0.00132521548872384
876,6,1000,0.15,0.5,44,0.001967874090988233
877,7,1000,0.15,0.5,44,-0.0013392348928535655
878,8,1000,0.15,0.5,44,-0.00132521548872384
879,9,1000,0.15,0.5,44,0.0
880,0,1000,0.15,0.6000000000000001,47,0.0
881,1,1000,0.15,0.6000000000000001,47,7.672985006701068e-15
882,2,1000,0.15,0.6000000000000001,47,0.0
883,3,1000,0.15,0.6000000000000001,47,0.0
884,4,1000,0.15,0.6000000000000001,47,7.672985006701068e-15
885,5,1000,0.15,0.6000000000000001,47,7.672985006701068e-15
886,6,1000,0.15,0.6000000000000001,47,0.0
887,7,1000,0.15,0.6000000000000001,47,0.0
888,8,1000,0.15,0.6000000000000001,47,7.672985006701068e-15
889,9,1000,0.15,0.6000000000000001,47,0.0
890,0,1000,0.15,0.4,41,0.8311585653648595
891,1,1000,0.15,0.4,41,0.8345040322797574
892,2,1000,0.15,0.4,41,0.8498894065128946
893,3,1000,0.15,0.4,41,0.8473882566974773
894,4,1000,0.15,0.4,41,0.8479568951518488
895,5,1000,0.15,0.4,41,0.7690912603135323
896,6,1000,0.15,0.4,41,0.8379186502012786
897,7,1000,0.15,0.4,41,0.829967218391732
898,8,1000,0.15,0.4,41,0.8099915531866783
899,9,1000,0.15,0.4,41,0.8426108285031828
900,0,1000,0.15,0.4,42,0.8325336502308617
901,1,1000,0.15,0.4,42,0.8515730582172809
902,2,1000,0.15,0.4,42,0.8199704328834642
903,3,1000,0.15,0.4,42,0.8500658705408161
904,4,1000,0.15,0.4,42,0.8450389966462454
905,5,1000,0.15,0.4,42,0.7627698148500509
906,6,1000,0.15,0.4,42,0.8430661722181922
907,7,1000,0.15,0.4,42,0.8362419127528384
908,8,1000,0.15,0.4,42,0.8099915531866783
909,9,1000,0.15,0.4,42,0.8426108285031828
910,0,1000,0.15,0.4,42,0.8325336502308617
911,1,1000,0.15,0.4,42,0.8515730582172809
912,2,1000,0.15,0.4,42,0.8199704328834642
913,3,1000,0.15,0.4,42,0.8500658705408161
914,4,1000,0.15,0.4,42,0.8450389966462454
915,5,1000,0.15,0.4,42,0.7627698148500509
916,6,1000,0.15,0.4,42,0.8430661722181922
917,7,1000,0.15,0.4,42,0.8362419127528384
918,8,1000,0.15,0.4,42,0.8099915531866783
919,9,1000,0.15,0.4,42,0.8426108285031828
920,0,1000,0.15,0.4,42,0.8325336502308617
921,1,1000,0.15,0.4,42,0.8515730582172809
922,2,1000,0.15,0.4,42,0.8199704328834642
923,3,1000,0.15,0.4,42,0.8500658705408161
924,4,1000,0.15,0.4,42,0.8450389966462454
925,5,1000,0.15,0.4,42,0.7627698148500509
926,6,1000,0.15,0.4,42,0.8430661722181922
927,7,1000,0.15,0.4,42,0.8362419127528384
928,8,1000,0.15,0.4,42,0.8099915531866783
929,9,1000,0.15,0.4,42,0.8426108285031828
930,0,1000,0.15,0.4,41,0.8311585653648595
931,1,1000,0.15,0.4,41,0.8345040322797574
932,2,1000,0.15,0.4,41,0.8498894065128946
933,3,1000,0.15,0.4,41,0.8473882566974773
934,4,1000,0.15,0.4,41,0.8479568951518488
935,5,1000,0.15,0.4,41,0.7690912603135323
936,6,1000,0.15,0.4,41,0.8379186502012786
937,7,1000,0.15,0.4,41,0.829967218391732
938,8,1000,0.15,0.4,41,0.8099915531866783
939,9,1000,0.15,0.4,41,0.8426108285031828
940,0,1000,0.15,0.5,42,7.672985006701068e-15
941,1,1000,0.15,0.5,42,-0.0019639383428045358
942,2,1000,0.15,0.5,42,-0.00023081117047264892
943,3,1000,0.15,0.5,42,-0.0013392348928535655
944,4,1000,0.15,0.5,42,7.672985006701068e-15
945,5,1000,0.15,0.5,42,-0.00132521548872384
946,6,1000,0.15,0.5,42,7.672985006701068e-15
947,7,1000,0.15,0.5,42,-0.0013392348928535655
948,8,1000,0.15,0.5,42,-0.00023081117047264892
949,9,1000,0.15,0.5,42,0.0
950,0,1000,0.15,0.4,41,0.8311585653648595
951,1,1000,0.15,0.4,41,0.8345040322797574
952,2,1000,0.15,0.4,41,0.8498894065128946
953,3,1000,0.15,0.4,41,0.8473882566974773
954,4,1000,0.15,0.4,41,0.8479568951518488
955,5,1000,0.15,0.4,41,0.7690912603135323
956,6,1000,0.15,0.4,41,0.8379186502012786
957,7,1000,0.15,0.4,41,0.829967218391732
958,8,1000,0.15,0.4,41,0.8099915531866783
959,9,1000,0.15,0.4,41,0.8426108285031828
960,0,1000,0.15,0.4,40,0.8255646216575057
961,1,1000,0.15,0.4,40,0.8327143759939816
962,2,1000,0.15,0.4,40,0.8448000609482103
963,3,1000,0.15,0.4,40,0.8586360659009967
964,4,1000,0.15,0.4,40,0.8479568951518488
965,5,1000,0.15,0.4,40,0.7729883079379656
966,6,1000,0.15,0.4,40,0.8328849036246249
967,7,1000,0.15,0.4,40,0.829967218391732
968,8,1000,0.15,0.4,40,0.8002716039409404
969,9,1000,0.15,0.4,40,0.8527557480678092
970,0,1000,0.15,0.4,41,0.8311585653648595
971,1,1000,0.15,0.4,41,0.8345040322797574
972,2,1000,0.15,0.4,41,0.8498894065128946
973,3,1000,0.15,0.4,41,0.8473882566974773
974,4,1000,0.15,0.4,41,0.8479568951518488
975,5,1000,0.15,0.4,41,0.7690912603135323
976,6,1000,0.15,0.4,41,0.8379186502012786
977,7,1000,0.15,0.4,41,0.829967218391732
978,8,1000,0.15,0.4,41,0.8099915531866783
979,9,1000,0.15,0.4,41,0.8426108285031828
980,0,1000,0.15,0.4,40,0.8255646216575057
981,1,1000,0.15,0.4,40,0.8327143759939816
982,2,1000,0.15,0.4,40,0.8448000609482103
983,3,1000,0.15,0.4,40,0.8586360659009967
984,4,1000,0.15,0.4,40,0.8479568951518488
985,5,1000,0.15,0.4,40,0.7729883079379656
986,6,1000,0.15,0.4,40,0.8328849036246249
987,7,1000,0.15,0.4,40,0.829967218391732
988,8,1000,0.15,0.4,40,0.8002716039409404
989,9,1000,0.15,0.4,40,0.8527557480678092
990,0,1000,0.15,0.5,51,-0.00023081117047264892
991,1,1000,0.15,0.5,51,-0.00023081117047264892
992,2,1000,0.15,0.5,51,0.002474438603203285
993,3,1000,0.15,0.5,51,-0.00023081117047264892
994,4,1000,0.15,0.5,51,-0.0016939024146372067
995,5,1000,0.15,0.5,51,-0.00132521548872384
996,6,1000,0.15,0.5,51,-0.0013392348928535655
997,7,1000,0.15,0.5,51,-0.0016939024146372067
998,8,1000,0.15,0.5,51,-0.0002866397459354175
999,9,1000,0.15,0.5,51,-0.0016939024146372067
